{
  "solution_time_ms": [
    12.445,
    27.804199999999998,
    43.163399999999996,
    58.52259999999999,
    73.8818,
    89.241
  ],
  "peak_memory_kb": [
    4096.0,
    6904.0,
    9712.0,
    12520.0,
    15328.0,
    18136.0
  ],
  "optimality_gap": [
    0.000235135,
    9.995242862000001,
    19.990250589000002,
    29.985258316000003,
    39.980266043,
    49.97527377
  ]
}