{
  "solution_time_ms": [
    0.01,
    13.8898,
    27.7696,
    41.64939999999999,
    55.529199999999996,
    69.409
  ],
  "peak_memory_kb": [
    4096.0,
    6769.6,
    9443.2,
    12116.8,
    14790.4,
    17464.0
  ],
  "optimality_gap": [
    0.198836162,
    10.1541236836,
    20.1094112052,
    30.064698726800003,
    40.0199862484,
    49.97527377
  ]
}