metric,n_samples,MAE,MSE,RMSE,R2
solution_time,50,13467.86122884,448973753.3387805,21189.000763103024,-282254.3764087193
peak_memory,50,438328.08,473756192305.6,688299.4931754635,-445656.9746784285
optimality_gap,49,0.6731170804081633,3.3601877973961622,1.8330815032060528,-0.1558512507788712
