metric,n_samples,MAE,MSE,RMSE,R2
solution_time,50,142194.41266,141086126284.7611,375614.3318415328,-173047.96462384838
peak_memory,50,736787.52,931766070625.28,965280.3067634188,-5.453444565781759
optimality_gap,50,1.585378e-05,4.23635724966e-09,6.5087304827132e-05,-0.06307186949221077
