metric,n_samples,MAE,MSE,RMSE,R2
solution_time,50,11871.263030880003,148248808.32984662,12175.746725759642,-18186874.325651083
peak_memory,50,461168.64,474383248261.12,688754.8535299915,-5770497.979591837
optimality_gap,50,2.04912796046,20.034594309363086,4.476002045281379,-0.2594983359371388
