metric,n_samples,MAE,MSE,RMSE,R2
solution_time,50,30.08778,3549.7856854199995,59.58007792391681,-707543.1849990141
peak_memory,50,3041.28,9547284.48,3089.8680360170724,0.0
optimality_gap,50,1.7676171968199998,10.382379723983506,3.2221700333755674,-0.41314444816930207
