metric,n_samples,MAE,MSE,RMSE,R2
solution_time,47,3892.7942120115745,37913961.10432078,6157.431372278605,-67342331905.26593
peak_memory,47,196798.29787234042,222471371234.72342,471668.70919610874,-423.0026602883629
optimality_gap,47,2.9787234042553195e-05,2.97872340425532e-09,5.457768229098154e-05,0.0
