metric,n_samples,MAE,MSE,RMSE,R2
solution_time,50,8242.79036168456,100615868.02330574,10030.746134924648,-21086.022581852954
peak_memory,50,349983.92,301964391501.12,549512.8674572781,-17.027750180417673
optimality_gap,48,0.0001781778333333333,6.014216030494583e-07,0.000775513767156624,-0.04899265803020736
