{
  "solution_time": [
    1.4e-05,
    58.91541779999999,
    117.83082159999998,
    176.7462254,
    235.66162919999996,
    294.577033
  ],
  "peak_memory": [
    8192.0,
    8970.4,
    9748.8,
    10527.2,
    11305.6,
    12084.0
  ],
  "optimality_gap": [
    0.0,
    3.27594948,
    6.55189896,
    9.82784844,
    13.10379792,
    16.3797474
  ]
}