{
  "solution_time": [
    0.007969856,
    0.0823749064,
    0.1567799568,
    0.23118500720000001,
    0.3055900576,
    0.379995108
  ],
  "peak_memory": [
    146672.0,
    167288.0,
    187904.0,
    208520.0,
    229136.0,
    249752.0
  ],
  "optimality_gap": [
    0.0,
    0.0
  ]
}