{
  "solution_time": [
    5.097,
    741.6199999999999,
    1478.1429999999998,
    2214.6659999999997,
    2951.189,
    3687.712
  ],
  "peak_memory": [
    10240.0,
    313344.0,
    616448.0,
    919552.0,
    1222656.0,
    1525760.0
  ],
  "optimality_gap": [
    0.0,
    0.00020967059999999998,
    0.00041934119999999996,
    0.0006290117999999999,
    0.0008386823999999999,
    0.001048353
  ]
}