{
  "solution_time": [
    0.000712,
    3.3996748000000006,
    6.798637600000001,
    10.197600400000002,
    13.596563200000002,
    16.995526
  ],
  "peak_memory": [
    12288.0,
    12632.8,
    12977.6,
    13322.4,
    13667.2,
    14012.0
  ],
  "optimality_gap": [
    0.0,
    9.254378911422638,
    18.508757822845276,
    27.763136734267913,
    37.01751564569055,
    46.27189455711319
  ]
}