{
  "solution_time_ms": [
    2.231121063,
    60002.255916850394,
    120002.28071263779,
    180002.30550842517,
    240002.33030421258,
    300002.3551
  ],
  "peak_memory_kb": [
    90112.0,
    106569.6,
    123027.2,
    139484.8,
    155942.4,
    172400.0
  ],
  "optimality_gap": [
    0.0030263,
    20.002421039999998,
    40.00181578,
    60.00121052,
    80.00060526,
    100.0
  ]
}