{
  "solution_time": [
    0.001,
    0.0656,
    0.1302,
    0.19480000000000003,
    0.2594,
    0.324
  ],
  "peak_memory": [
    4096.0,
    4096.0
  ],
  "optimality_gap": [
    0.0,
    3.27594948,
    6.55189896,
    9.82784844,
    13.10379792,
    16.3797474
  ]
}