{
  "solution_time": [
    0.02614,
    0.7349348,
    1.4437296,
    2.1525244,
    2.8613191999999996,
    3.570114
  ],
  "peak_memory": [
    4096.0,
    4505.6,
    4915.2,
    5324.8,
    5734.4,
    6144.0
  ],
  "optimality_gap": [
    0.0,
    5324340743.6141615,
    10648681487.228323,
    15973022230.842484,
    21297362974.456646,
    26621703718.07081
  ]
}