{
  "solution_time": [
    0.009521246,
    0.1821788312,
    0.35483641639999997,
    0.5274940016,
    0.7001515868,
    0.872809172
  ],
  "peak_memory": [
    131736.0,
    150700.0,
    169664.0,
    188628.0,
    207592.0,
    226556.0
  ],
  "optimality_gap": [
    0.0,
    0.0
  ]
}