{
  "solution_time": [
    4e-06,
    7.560000000000001e-05,
    0.0001472,
    0.0002188,
    0.0002904,
    0.000362
  ],
  "peak_memory": [
    4096.0,
    4096.0
  ],
  "optimality_gap": [
    0.0015055396237211,
    19.997031561042483,
    39.992557582461245,
    59.98808360388001,
    79.98360962529877,
    99.97913564671754
  ]
}