{
  "solution_time": [
    0.001,
    0.0578,
    0.1146,
    0.1714,
    0.2282,
    0.285
  ],
  "peak_memory": [
    6144.0,
    6144.0
  ],
  "optimality_gap": [
    0.0,
    28.406894657500068,
    56.813789315000136,
    85.22068397250021,
    113.62757863000027,
    142.03447328750033
  ]
}