{
  "solution_time": [
    0.025682,
    2.2405628,
    4.4554436,
    6.6703244,
    8.8852052,
    11.100086
  ],
  "peak_memory": [
    10240.0,
    10649.6,
    11059.2,
    11468.8,
    11878.4,
    12288.0
  ],
  "optimality_gap": [
    0.0,
    6.27050816,
    12.54101632,
    18.811524480000003,
    25.08203264,
    31.3525408
  ]
}