{
  "solution_time": [
    0.000563622,
    60.003916697600005,
    120.00726977320001,
    180.0106228488,
    240.0139759244,
    300.017329
  ],
  "peak_memory": [
    157696.0,
    225688.8,
    293681.6,
    361674.4,
    429667.2,
    497660.0
  ],
  "optimality_gap": [
    0.0,
    0.0017469232000000001,
    0.0034938464000000002,
    0.0052407696,
    0.0069876928000000005,
    0.008734616
  ]
}