{
  "solution_time": [
    0.000470877,
    60.001298761600005,
    120.00212664620001,
    180.00295453080003,
    240.00378241540002,
    300.0046103
  ],
  "peak_memory": [
    182272.0,
    318763.2,
    455254.4,
    591745.6000000001,
    728236.8,
    864728.0
  ],
  "optimality_gap": [
    0.0,
    9.254378912,
    18.508757824,
    27.763136736,
    37.017515648,
    46.27189456
  ]
}